alpha,n_nonzero_coef,n_zero_coef,MAE,RMSE,MAPE,R2
0.0001,27,0,2179.9841892115664,2869.660804815612,8.048109728552845,0.7979110194923159
0.00010969857978923841,27,0,2179.984176433129,2869.6607924187965,8.048109713916405,0.797911021238348
0.00012033778407775893,27,0,2179.9841624153646,2869.660778819703,8.048109697860482,0.797911023153715
0.0001320088400831418,27,0,2179.9841470380757,2869.6607639017184,8.048109680247343,0.7979110252548416
0.0001448118227674533,27,0,2179.984130169408,2869.660747536939,8.048109660925986,0.7979110275597422
0.00015885651294280528,27,0,2179.9841116647153,2869.660729585049,8.048109639730704,0.7979110300881798
0.00017426333860096508,27,0,2179.9840913653366,2869.660709892144,8.048109616479817,0.7979110328618308
0.00019116440753857018,27,0,2179.984069097203,2869.6606882893734,8.048109590973905,0.7979110359044774
0.00020970464013232327,27,0,2179.9840446693756,2869.6606645915194,8.048109562994263,0.7979110392422064
0.0002300430119772917,27,0,2179.984017872395,2869.660638595407,8.048109532301009,0.797911042903634
0.0002523539170434766,27,0,2179.9839884764906,2869.6606100781573,8.04810949863095,0.7979110469201516
0.00027682866303920667,27,0,2179.9839562296047,2869.660578795291,8.048109461695391,0.7979110513261929
0.0003036771118035457,27,0,2179.9839208552185,2869.660544478589,8.048109421177573,0.7979110561595353
0.00033312947879346737,27,0,2179.9838820500263,2869.660506833867,8.048109376730109,0.7979110614616134
0.00036543830709572547,27,0,2179.9838394812773,2869.660465538384,8.048109327971872,0.7979110672778835
0.0004008806328898465,27,0,2179.9837927839753,2869.6604202381363,8.048109274484826,0.7979110736582053
0.00043976036093027214,27,0,2179.983741557688,2869.6603705447474,8.048109215810241,0.7979110806572798
0.00048241087041653687,27,0,2179.983685363179,2869.66031603224,8.048109151445072,0.7979110883351037
0.0005291978735958442,27,0,2179.9836237186046,2869.6602562333137,8.048109080837392,0.7979110967574942
0.0005805225516094895,27,0,2179.9835560953775,2869.66019063536,8.048109003381755,0.7979111059966495
0.0006368249944718586,27,0,2179.98348191366,2869.660118676088,8.048108918414046,0.7979111161317655
0.0006985879746785249,27,0,2179.9834005373727,2869.6600397386937,8.04810882520568,0.7979111272497161
0.0007663410868007462,27,0,2179.9833112687315,2869.659953146567,8.048108722957396,0.7979111394457983
0.0008406652885618325,27,0,2179.98321334231,2869.6598581575518,8.048108610792509,0.7979111528245414
0.0009221978823334322,27,0,2179.983105918418,2869.6597539575214,8.048108487749236,0.7979111675006109
0.001011637979766207,27,0,2179.982988075925,2869.6596396534496,8.048108352772472,0.7979111835997849
0.0011097524964120721,27,0,2179.982858804389,2869.659514265787,8.048108204704906,0.7979112012600282
0.001217382727739662,27,0,2179.982716995347,2869.65937672004,8.048108042276866,0.7979112206326778
0.0013354515629298987,27,0,2179.982561432849,2869.6592258376063,8.048107864095654,0.7979112418837339
0.0014649713983072847,27,0,2179.982390782987,2869.659060325675,8.04810766863334,0.797911265195282
0.0016070528182616384,27,0,2179.982203582517,2869.6588787662085,8.048107454213978,0.7979112907670457
0.001762914118095948,27,0,2179.981998226261,2869.658679603799,8.048107218998982,0.7979113188180962
0.0019338917504552321,27,0,2179.9817729533656,2869.6584611323756,8.048106960971493,0.7979113495887243
0.00212145178491063,27,0,2179.9815258321946,2869.658221480634,8.048106677918982,0.7979113833424938
0.0023272024789604074,27,0,2179.981254743786,2869.6579585960903,8.048106367414418,0.7979114203684858
0.0025529080682395165,27,0,2179.9809573636467,2869.6576702275115,8.04810602679529,0.7979114609837749
0.002800503894183631,27,0,2179.9806311418615,2869.6573539057676,8.04810565314098,0.7979115055361241
0.003072112998861759,27,0,2179.9802732811886,2869.6570069227346,8.048105243247464,0.7979115544069585
0.003370064329271928,27,0,2179.9798807131183,2869.656626308264,8.048104793600126,0.7979116080146067
0.0036969127071950283,27,0,2179.9794500715216,2869.656208804841,8.048104300343391,0.7979116668178715
0.004055460735840828,27,0,2179.9789776638045,2869.655750839898,8.048103759247747,0.7979117313199289
0.004448782831127585,27,0,2179.9784594392454,2869.6552484954186,8.04810316567351,0.7979118020726086
0.004880251583654433,27,0,2179.977890954267,2869.6546974746598,8.048102514531,0.797911879681082
0.0053535666774107244,27,0,2179.977267334319,2869.654093065658,8.048101800236907,0.797911964809001
0.005872786613189483,27,0,2179.9765832320954,2869.653430101282,8.048101016666461,0.7979120581841244
0.00644236350872137,27,0,2179.9758327816708,2869.652702915446,8.048100157100805,0.7979121606044856
0.0070671812739274914,27,0,2179.9750095482104,2869.651905295179,8.048099214169454,0.7979122729451418
0.007752597488629464,27,0,2179.9741064727946,2869.6510304280996,8.048098179787177,0.797912396165573
0.008504489341802677,27,0,2179.973115811892,2869.6500708449507,8.048097045084507,0.7979125313177743
0.009329304026284686,27,0,2179.9720290709465,2869.6490183566425,8.04809580033177,0.7979126795551229
0.010234114021054527,27,0,2179.9708369315667,2869.6478639854067,8.048094434855717,0.7979128421420745
0.011226677735108135,27,0,2179.969529171604,2869.6465978893975,8.04809293694789,0.7979130204647815
0.012315506032928261,27,0,2179.968094577496,2869.64520928024,8.048091293764289,0.7979132160427057
0.013509935211980266,27,0,2179.966520848126,2869.643686332886,8.048089491215185,0.7979134305413136
0.014820207057988586,27,0,2179.964794489362,2869.6420160870175,8.04808751384442,0.7979136657859616
0.016257556664437952,27,0,2179.962900698314,2869.640184339289,8.048085344696778,0.7979139237770723
0.017834308769319095,27,0,2179.960823236434,2869.638175525624,8.048082965172618,0.7979142067067104
0.01956398343517065,27,0,2179.958544290253,2869.6359725926327,8.048080354868421,0.7979145169766908
0.021461411978584036,27,0,2179.956044318657,2869.633556857307,8.048077491401784,0.7979148572183377
0.02354286414322418,27,0,2179.953301885324,2869.6309078538948,8.048074350219544,0.7979152303140484
0.025826187606826773,27,0,2179.950293474908,2869.6280031669585,8.048070904387258,0.7979156394208028
0.02833096101839324,27,0,2179.946993291403,2869.624818249419,8.048067124358155,0.7979160879957863
0.03107866187782014,27,0,2179.9433730369697,2869.62132622447,8.048062977719917,0.7979165798242851
0.03409285069746811,27,0,2179.9394016692668,2869.617497669951,8.048058428916645,0.7979171190500487
0.03739937302478798,27,0,2179.935045135305,2869.6133003839946,8.048053438944098,0.797917710208291
0.04102658105827194,27,0,2179.9302751189175,2869.608699130427,8.048047999552562,0.79791835826154
0.04500557675700498,27,0,2179.9250473789625,2869.6036553625486,8.048042051339928,0.7979190686385318
0.049370478528390035,27,0,2179.9193126224714,2869.5981269238014,8.048035526235136,0.7979198472763571
0.054158713780794704,27,0,2179.91302167605,2869.592067723844,8.048028368287865,0.7979207006660695
0.05941133984965034,27,0,2179.9061263169283,2869.585427388487,8.048020537645261,0.7979216359019721
0.06517339604882427,27,0,2179.8985913135984,2869.578150882108,8.048012057076024,0.7979226607347768
0.07149428986597577,27,0,2179.890325521964,2869.5701781011853,8.048002754012044,0.7979237836288279
0.07842822061337681,27,0,2179.8812580659287,2869.5614434376043,8.047992548682947,0.7979250138235761
0.086034644166845,27,0,2179.871311195437,2869.551875310862,8.047981353581894,0.7979263613994296
0.09437878277775381,27,0,2179.860399619773,2869.5413956682514,8.047969072715015,0.7979278373481065
0.10353218432956626,27,0,2179.848429776244,2869.529919452799,8.047955600778494,0.7979294536475205
0.11357333583431052,27,0,2179.835299027881,2869.5173540389846,8.047940822255436,0.7979312233411961
0.12458833642950082,26,1,2179.813677893897,2869.4921811092468,8.04791853202434,0.7979347686348314
0.13667163564620075,26,1,2179.7929713614217,2869.47016806675,8.047897257663742,0.7979378688722134
0.14992684327860456,26,1,2179.7746710179463,2869.451959736401,8.04787731133591,0.7979404332497088
0.16446761779946645,26,1,2179.754657413188,2869.432037736141,8.04785568145052,0.7979432389539506
0.18041864093920718,26,1,2179.7327026366493,2869.4102538626603,8.047831953682467,0.7979463068518153
0.19791668678535573,26,1,2179.7086205385544,2869.3864447616006,8.047805925978807,0.79794965994281
0.21711179456945054,26,1,2179.682201065705,2869.3604261603705,8.047777372787879,0.7979533241710294
0.23816855519761582,26,1,2179.653223688921,2869.3320128931855,8.04774605328482,0.7979573256047344
0.2612675225563329,26,1,2179.6214238604625,2869.3009754176023,8.04771168819071,0.7979616965598062
0.286606761694825,26,1,2179.5867280588777,2869.2671194752697,8.047674716597243,0.7979664643808566
0.31440354715915003,26,1,2179.5487258097796,2869.2301957645977,8.047634391600173,0.7979716641615013
0.34489622604057596,26,1,2179.5070266294074,2869.1899335011553,8.047590148244627,0.7979773340174938
0.3783462617131929,26,1,2179.4613725885456,2869.14609631312,8.04754187603794,0.7979835072149097
0.41504047578504766,26,1,2179.4117833156265,2869.0983590770975,8.047490694924452,0.7979902295137722
0.4552935074866948,26,1,2179.358124000638,2869.04646333097,8.047437113209954,0.7979975372820263
0.499450511585514,26,1,2179.2993434091236,2868.990059319242,8.047378669018922,0.7980054797377685
0.5478901179593945,26,1,2179.235076731018,2868.9288354341047,8.047315284766414,0.7980141007208302
0.6010276782070382,26,1,2179.164648653613,2868.862467978052,8.04724597037569,0.7980234457663222
0.6593188271333549,26,1,2179.0891833522114,2868.7906026597802,8.047175814138571,0.7980335647090828
0.7232633896483533,26,1,2179.008649371036,2868.712890395632,8.047104705441853,0.7980445066414571
0.7934096665797492,26,1,2178.9216174535436,2868.6289969878558,8.04703131275715,0.7980563185497695
0.8703591361485166,26,1,2178.830670268261,2868.538647702604,8.046960193636242,0.7980690390374819
0.9547716114208056,26,1,2178.731590073101,2868.4414711543027,8.04688363232374,0.7980827203043646
1.0473708979594487,26,1,2178.6292900751023,2868.337240704376,8.046814402398306,0.7980973941589645
1.1489510001873087,26,1,2178.521232674427,2868.2257775343805,8.046751610956267,0.7981130856661508
1.2603829296797273,26,1,2178.4057590169673,2868.1069832976787,8.046690279569704,0.7981298085513716
1.3826221737646565,26,1,2178.3096832049087,2868.0273692672417,8.046659829297697,0.7981410155785834
1.5167168884709241,26,1,2178.1614583384953,2867.865794283218,8.046610487666037,0.7981637590459665
1.6638168860761273,26,1,2177.999395208585,2867.685992888753,8.046549952498829,0.7981890665760687
1.8251834943190424,26,1,2177.8496078489684,2867.5374534134526,8.046508551177709,0.7982099727100516
2.0022003718155843,26,1,2177.6902799080713,2867.3841575415645,8.046487527142043,0.7982315471458413
2.1963853724165467,26,1,2177.524691062968,2867.226617340745,8.046494517552462,0.7982537177149889
2.409403560239527,26,1,2177.3511466194786,2867.0667604497244,8.046528960332697,0.7982762130658843
2.643081486974108,26,1,2177.1788472320686,2866.906891940186,8.046623932936043,0.7982987087974003
2.899422853882875,26,1,2177.0023603897075,2866.750225485678,8.046802854492665,0.7983207527380954
3.180625692794119,26,1,2176.8222887768575,2866.6007938197354,8.0470920299197,0.7983417775767241
3.489101213406774,25,2,2176.6476996659735,2866.4862396216254,8.047563695557846,0.7983578944594365
3.827494478516315,25,2,2176.508056097973,2866.54602147002,8.04882726504798,0.7983494836997278
4.198707084443915,23,4,2176.4269585350125,2866.716297805302,8.050235482572615,0.7983255264142173
4.605922041145104,23,4,2176.316354825877,2866.871048729524,8.051304033578049,0.7983037522654653
5.05263106533568,23,4,2176.203509894147,2867.0477814704805,8.052504081569465,0.7982788837388846
5.5426645206631076,23,4,2176.086602693089,2867.2477413121064,8.053833094057781,0.7982507450177055
6.080224261649427,23,4,2175.9688762866754,2867.479854747858,8.055341926061473,0.7982180791217447
6.669919663030129,23,4,2175.8491269782908,2867.743691042574,8.057021354513076,0.7981809455785476
7.316807143427193,23,4,2175.7252278462806,2868.050971725878,8.058904791772111,0.7981376931640309
8.026433522257173,23,4,2175.604219475767,2868.40201484434,8.06100263190652,0.7980882751368832
8.804883581643464,23,4,2175.4995779765513,2868.8122222197894,8.063482583739686,0.798030520609652
9.658832241158708,23,4,2175.420341328006,2869.283168441058,8.06650899319209,0.7979642042647821
10.59560179277617,22,5,2175.416705099227,2869.885975392016,8.070322489389913,0.7978793040523411
11.623224686798519,22,5,2175.4638519819737,2870.606641233081,8.07482141155261,0.7977777810153
12.75051240713013,22,5,2175.5684495353635,2871.4411146351067,8.08022460991578,0.7976601936120367
13.987131026472387,21,6,2175.6520820591204,2872.3339261412957,8.086366658525034,0.7975343478190241
15.343684089300131,21,6,2175.6039687135776,2873.23957688191,8.092415280289055,0.7974066523073678
16.831803533309582,22,5,2175.61876565838,2874.3156849050847,8.099375309986028,0.7972548702182696
18.464249428955426,22,5,2175.708646765047,2875.592430453191,8.107287947939529,0.7970747150366226
20.255019392306664,22,5,2175.8751514522623,2877.081787682175,8.116249213520808,0.7968644581841391
22.21946860939524,22,5,2176.1020282314166,2878.8098747564914,8.126220066478975,0.7966203627061801
24.37444150122222,22,5,2176.390870699593,2880.7509274502513,8.137022400200019,0.7963460106662196
26.738416158399495,22,5,2176.7917001093683,2883.0107537704557,8.14919271943815,0.7960263695938526
29.331662783900423,22,5,2177.332832126436,2885.6604421193038,8.162973240580099,0.7956512652592491
32.176417502507356,22,5,2178.0906594711437,2888.768586845352,8.178695851919034,0.7952108201601332
35.2970730273065,21,6,2179.3261618089,2892.532108863651,8.199037506519923,0.7946768690169875
38.72038781812557,20,7,2180.749628814522,2896.527243936231,8.221071899095158,0.7941092970064416
42.475715525369026,20,7,2182.3534754465395,2900.9633365303766,8.24475569607745,0.7934781621657553
46.59525668664677,19,8,2184.1632006392956,2906.0256360032436,8.27080291597282,0.7927567551929406
51.11433483440165,19,8,2186.363620278958,2911.963311168485,8.30014916678454,0.7919089992797862
56.07169938205458,19,8,2188.999052878676,2918.9328658969666,8.332913854290474,0.7909117084116107
61.50985788580504,19,8,2192.2969011303107,2927.1798288807445,8.370239637380253,0.7897285504533951
67.475440531107,18,9,2196.203016711008,2936.7403506086325,8.41204477255921,0.7883527636356764
74.01959996915637,18,9,2200.904481512079,2947.9315498244737,8.459217248257616,0.7867366184174925
81.19844993184009,18,9,2206.695418922153,2961.2038924722488,8.513194656448245,0.7848119628038646
89.0735463861044,18,9,2213.567417044727,2976.906809964014,8.574088142161953,0.782523677667755
97.71241535346502,18,9,2221.619209593855,2995.481992372461,8.642533601852481,0.7798012104383708
107.18913192051286,18,9,2231.3622425711656,3017.4970676535536,8.72072849970814,0.7765526468861451
117.58495540521582,18,9,2243.4663567091347,3043.5257559618913,8.811209941667101,0.7726811429668731
128.9890261253308,16,11,2255.9030183547325,3070.4268110564544,8.903517830087406,0.7686449410895517
141.4991297434576,15,12,2259.921067260231,3086.8318120048266,8.955122744900061,0.7661661201479355
155.2225357427048,15,12,2262.9243707266164,3102.36710070338,8.999931814476371,0.7638065370860244
170.27691722259013,15,12,2267.416570967387,3121.0599622267596,9.05301481322379,0.7609516634247134
186.79135990207845,13,14,2274.12322302498,3143.336984278536,9.112966083056037,0.757526999925392
204.9074689815846,13,14,2283.372182487507,3169.778797562143,9.183567160357406,0.7534304666251478
224.78058335487253,13,14,2296.1462916116907,3201.2704492298767,9.269903675347713,0.748506808362168
246.5811075822604,12,15,2311.96140143124,3238.539320591352,9.371598472780128,0.7426170052038092
270.4959730463137,12,15,2332.076093578554,3282.6675884692513,9.492389280792416,0.7355550271772684
296.73024081888724,11,16,2350.664837833264,3327.98441295567,9.603496808702621,0.7282033696698653
325.50885998350566,10,17,2371.385297312746,3378.95579177317,9.724329494009364,0.7198139423252918
357.07859649004627,10,17,2396.238508860423,3437.386405557312,9.864728684422127,0.71003991982638
391.71014908092604,10,17,2427.5211864267744,3505.649418701245,10.032432695118297,0.6984089384219938
429.7004704320844,10,17,2466.5452939631878,3585.3128642915153,10.232391274743021,0.6845463042388988
471.3753134116729,10,17,2514.5593381548597,3678.065835564796,10.46944474811288,0.6680134430279187
517.0920242896756,9,18,2564.8539480571803,3771.9831694911763,10.707353602172029,0.6508428068552505
567.2426068491977,7,20,2582.2218872542385,3805.631023479076,10.770263379817083,0.6445857318412169
622.2570836730231,6,21,2601.168835045066,3833.2052781407874,10.841642538574153,0.6394166609713117
682.6071834272393,6,21,2625.826257891699,3864.3926592684634,10.93312116980501,0.6335253000198255
748.810385759003,6,21,2657.8128511737686,3901.9988368412305,11.050689095604186,0.6263579275770264
821.4343584919421,6,21,2697.914272998699,3947.207881525905,11.197026802506654,0.6176496432983148
901.1018251665018,5,22,2745.9663686878853,3999.9355617010124,11.36968025305158,0.6073663738074628
988.4959046625586,5,22,2803.1595429218532,4062.6673954134203,11.573708463377152,0.5949542883480181
1084.3659686896108,5,22,2871.6806432488333,4137.408486071844,11.816811327282412,0.579913908544649
1189.5340673703208,3,24,2947.782811032525,4221.294062107312,12.089486815059585,0.5627068093248737
1304.9019780144015,3,24,3003.9943763478336,4287.361536844356,12.286658017910321,0.5489115409526577
1431.4589375234787,3,24,3070.1287538855763,4365.854164668599,12.51783116777528,0.5322433717819548
1570.2901247293776,3,24,3147.428171243147,4458.8158851463195,12.787098292180026,0.5121115011879295
1722.5859653987875,3,24,3238.3230194696757,4568.537024729748,13.102725507263111,0.48780445246597703
1889.6523396912116,3,24,3344.9036518796465,4697.56089566581,13.471261841428886,0.45846523989523624
2072.92177959537,3,24,3469.6682713122364,4848.684120106666,13.900888883782828,0.4230618140269725
2273.9657523579276,3,24,3617.2410208119413,5024.962244111643,14.406725542051078,0.38034906838402927
2494.5081352303164,4,23,3785.9068827782535,5227.9631112398565,14.982780511267258,0.3292718556827128
2736.4399970746717,4,23,3980.55862544213,5462.4249613929405,15.6458032242254,0.267761652781743
3001.835813575592,3,24,4207.078173046297,5729.835940658847,16.41798594947471,0.19431389183591918
3292.971255097148,2,25,4407.298788616893,5968.430125194401,17.103685170115753,0.1258182641535187
3612.3426997094302,1,26,4578.220272845042,6166.598352316456,17.705409030687804,0.06680409122645914
3962.6886387014783,1,26,4767.0463896098945,6380.614175600598,18.37052694331177,0.0009057262308623804
4347.013158125026,0,27,4796.565655346168,6413.528000090232,18.474118423243475,-0.009428334811437455
4768.611697714475,0,27,4796.565655346168,6413.528000090232,18.474118423243475,-0.009428334811437455
5231.099308056258,0,27,4796.565655346168,6413.528000090232,18.474118423243475,-0.009428334811437455
5738.441648302392,0,27,4796.565655346168,6413.528000090232,18.474118423243475,-0.009428334811437455
6294.988990221887,0,27,4796.565655346168,6413.528000090232,18.474118423243475,-0.009428334811437455
6905.513520162331,0,27,4796.565655346168,6413.528000090232,18.474118423243475,-0.009428334811437455
7575.25025877192,0,27,4796.565655346168,6413.528000090232,18.474118423243475,-0.009428334811437455
8309.941949353404,0,27,4796.565655346168,6413.528000090232,18.474118423243475,-0.009428334811437455
9115.888299750819,0,27,4796.565655346168,6413.528000090232,18.474118423243475,-0.009428334811437455
10000.0,0,27,4796.565655346168,6413.528000090232,18.474118423243475,-0.009428334811437455
